{"cameraMode":{"drawMode":0,"name":"Shaded","section":"Shading Mode"},"sceneLighting":false,"audioPlay":false,"sceneViewState":{"showFog":true,"showMaterialUpdate":false,"showSkybox":false,"showFlares":true,"showImageEffects":true,"showParticleSystems":true},"in2DMode":false,"pivot":{"x":-0.0017941594123840333,"y":2.56906795501709,"z":-0.44966673851013186},"rotation":{"x":0.2870890498161316,"y":-0.1302390843629837,"z":0.039434000849723819,"w":0.948196530342102},"size":5.180441379547119,"orthographic":false}