{"cameraMode":{"drawMode":0,"name":"Shaded","section":"Shading Mode"},"sceneLighting":false,"audioPlay":false,"sceneViewState":{"showFog":true,"showMaterialUpdate":false,"showSkybox":false,"showFlares":true,"showImageEffects":true,"showParticleSystems":true},"in2DMode":false,"pivot":{"x":-43.31219482421875,"y":10.389408111572266,"z":-60.73702621459961},"rotation":{"x":0.09110559523105622,"y":-0.35060152411460879,"z":0.03429253399372101,"w":0.9314529895782471},"size":87.22193145751953,"orthographic":false}