{"cameraMode":{"drawMode":0,"name":"Shaded","section":"Shading Mode"},"sceneLighting":false,"audioPlay":false,"sceneViewState":{"showFog":true,"showMaterialUpdate":false,"showSkybox":false,"showFlares":true,"showImageEffects":true,"showParticleSystems":true},"in2DMode":false,"pivot":{"x":44.23004150390625,"y":15.946739196777344,"z":4.4198455810546879},"rotation":{"x":-0.11151786148548126,"y":0.4364303946495056,"z":-0.05463000014424324,"w":-0.8911445736885071},"size":145.00328063964845,"orthographic":false}