{"cameraMode":{"drawMode":0,"name":"Shaded","section":"Shading Mode"},"sceneLighting":true,"audioPlay":false,"sceneViewState":{"showFog":true,"showMaterialUpdate":false,"showSkybox":true,"showFlares":true,"showImageEffects":true,"showParticleSystems":true},"in2DMode":false,"pivot":{"x":14.959266662597657,"y":11.137940406799317,"z":3.1643314361572267},"rotation":{"x":-0.15830649435520173,"y":-0.29199692606925967,"z":0.04905503988265991,"w":-0.9419623017311096},"size":22.0,"orthographic":false}