{"cameraMode":{"drawMode":0,"name":"Shaded","section":"Shading Mode"},"sceneLighting":true,"audioPlay":false,"sceneViewState":{"showFog":true,"showMaterialUpdate":false,"showSkybox":true,"showFlares":true,"showImageEffects":true,"showParticleSystems":true},"in2DMode":false,"pivot":{"x":805.22265625,"y":484.09112548828127,"z":0.00006103515625},"rotation":{"x":0.01499937754124403,"y":-0.0029996815137565138,"z":0.0000449988292530179,"w":0.9998828768730164},"size":1455.9603271484375,"orthographic":false}