{"cameraMode":{"drawMode":0,"name":"Shaded","section":"Shading Mode"},"sceneLighting":false,"audioPlay":false,"sceneViewState":{"showFog":true,"showMaterialUpdate":false,"showSkybox":false,"showFlares":true,"showImageEffects":true,"showParticleSystems":true},"in2DMode":false,"pivot":{"x":4.76837158203125e-7,"y":7.322099208831787,"z":-4.76837158203125e-7},"rotation":{"x":0.12531708180904389,"y":0.7860478758811951,"z":-0.16951286792755128,"w":0.5811178684234619},"size":57.864742279052737,"orthographic":false}