{"cameraMode":{"drawMode":0,"name":"Shaded","section":"Shading Mode"},"sceneLighting":false,"audioPlay":false,"sceneViewState":{"showFog":true,"showMaterialUpdate":false,"showSkybox":false,"showFlares":true,"showImageEffects":true,"showParticleSystems":true},"in2DMode":false,"pivot":{"x":-27.019271850585939,"y":17.470378875732423,"z":20.62712287902832},"rotation":{"x":-0.04698813706636429,"y":0.8186461329460144,"z":-0.06769833713769913,"w":-0.5683833360671997},"size":87.33234405517578,"orthographic":false}