{"cameraMode":{"drawMode":0,"name":"Shaded","section":"Shading Mode"},"sceneLighting":false,"audioPlay":false,"sceneViewState":{"showFog":true,"showMaterialUpdate":false,"showSkybox":false,"showFlares":true,"showImageEffects":true,"showParticleSystems":true},"in2DMode":false,"pivot":{"x":0.0000152587890625,"y":4.435487270355225,"z":0.00213623046875},"rotation":{"x":0.4671822488307953,"y":-0.4039555490016937,"z":0.25349894165992739,"w":0.7445210218429565},"size":61.57142639160156,"orthographic":false}