{"cameraMode":{"drawMode":0,"name":"Shaded","section":"Shading Mode"},"sceneLighting":true,"audioPlay":false,"sceneViewState":{"showFog":true,"showMaterialUpdate":false,"showSkybox":true,"showFlares":true,"showImageEffects":true,"showParticleSystems":true},"in2DMode":false,"pivot":{"x":590.7557373046875,"y":868.741455078125,"z":1023.1094970703125},"rotation":{"x":0.43569979071617129,"y":0.016989419236779214,"z":-0.008207990787923336,"w":0.8999010324478149},"size":2939.9052734375,"orthographic":false}