{"cameraMode":{"drawMode":0,"name":"Shaded","section":"Shading Mode"},"sceneLighting":false,"audioPlay":false,"sceneViewState":{"showFog":true,"showMaterialUpdate":false,"showSkybox":false,"showFlares":true,"showImageEffects":true,"showParticleSystems":true},"in2DMode":false,"pivot":{"x":-8.247665405273438,"y":30.170888900756837,"z":0.4633026123046875},"rotation":{"x":0.05833756923675537,"y":0.31436431407928469,"z":0.0193493589758873,"w":-0.94732666015625},"size":135.85801696777345,"orthographic":false}