{"cameraMode":{"drawMode":0,"name":"Shaded","section":"Shading Mode"},"sceneLighting":false,"audioPlay":false,"sceneViewState":{"showFog":true,"showMaterialUpdate":false,"showSkybox":false,"showFlares":true,"showImageEffects":true,"showParticleSystems":true},"in2DMode":false,"pivot":{"x":0.0,"y":15.803518295288086,"z":-38.41869354248047},"rotation":{"x":0.013494775630533696,"y":-0.02699415571987629,"z":0.0003644544049166143,"w":0.9995452761650086},"size":347.26287841796877,"orthographic":false}