{"cameraMode":{"drawMode":0,"name":"Shaded","section":"Shading Mode"},"sceneLighting":false,"audioPlay":false,"sceneViewState":{"showFog":true,"showMaterialUpdate":false,"showSkybox":false,"showFlares":true,"showImageEffects":true,"showParticleSystems":true},"in2DMode":false,"pivot":{"x":-22.01850128173828,"y":15.038215637207032,"z":23.205612182617189},"rotation":{"x":0.12427069246768952,"y":-0.8440056443214417,"z":0.22217340767383576,"w":0.47208017110824587},"size":59.39702224731445,"orthographic":false}