{"cameraMode":{"drawMode":0,"name":"Shaded","section":"Shading Mode"},"sceneLighting":false,"audioPlay":false,"sceneViewState":{"showFog":true,"showMaterialUpdate":false,"showSkybox":false,"showFlares":true,"showImageEffects":true,"showParticleSystems":true},"in2DMode":false,"pivot":{"x":5.628292560577393,"y":4.134891510009766,"z":10.348970413208008},"rotation":{"x":-0.03335396945476532,"y":0.2544275224208832,"z":-0.008791377767920494,"w":-0.9664923548698425},"size":135.85801696777345,"orthographic":false}