{"cameraMode":{"drawMode":0,"name":"Shaded","section":"Shading Mode"},"sceneLighting":true,"audioPlay":false,"sceneViewState":{"showFog":true,"showMaterialUpdate":false,"showSkybox":true,"showFlares":true,"showImageEffects":true,"showParticleSystems":true},"in2DMode":false,"pivot":{"x":954.3619384765625,"y":572.2669677734375,"z":-965.8727416992188},"rotation":{"x":0.013494775630533696,"y":-0.02699415571987629,"z":0.0003644544049166143,"w":0.9995452761650086},"size":278.5918884277344,"orthographic":false}