{"cameraMode":{"drawMode":0,"name":"Shaded","section":"Shading Mode"},"sceneLighting":true,"audioPlay":false,"sceneViewState":{"showFog":true,"showMaterialUpdate":false,"showSkybox":true,"showFlares":true,"showImageEffects":true,"showParticleSystems":true},"in2DMode":false,"pivot":{"x":1626.2796630859375,"y":86.92296600341797,"z":636.54736328125},"rotation":{"x":0.04057805612683296,"y":-0.1573018729686737,"z":-0.006469444837421179,"w":-0.9866968393325806},"size":874.5568237304688,"orthographic":false}