{"cameraMode":{"drawMode":0,"name":"Shaded","section":"Shading Mode"},"sceneLighting":false,"audioPlay":false,"sceneViewState":{"showFog":true,"showMaterialUpdate":false,"showSkybox":false,"showFlares":true,"showImageEffects":true,"showParticleSystems":true},"in2DMode":false,"pivot":{"x":3.5762786865234377e-7,"y":2.2809512615203859,"z":-2.384185791015625e-7},"rotation":{"x":-0.03335396945476532,"y":0.2544275224208832,"z":-0.008791377767920494,"w":-0.9664923548698425},"size":27.874713897705079,"orthographic":false}