{"cameraMode":{"drawMode":0,"name":"Shaded","section":"Shading Mode"},"sceneLighting":false,"audioPlay":false,"sceneViewState":{"showFog":true,"showMaterialUpdate":false,"showSkybox":false,"showFlares":true,"showImageEffects":true,"showParticleSystems":true},"in2DMode":false,"pivot":{"x":5.161796569824219,"y":3.1090621948242189,"z":-15.389768600463868},"rotation":{"x":-0.03335396945476532,"y":0.2544275224208832,"z":-0.008791377767920494,"w":-0.9664923548698425},"size":62.90302658081055,"orthographic":false}