{"cameraMode":{"drawMode":0,"name":"Shaded","section":"Shading Mode"},"sceneLighting":false,"audioPlay":false,"sceneViewState":{"showFog":true,"showMaterialUpdate":false,"showSkybox":false,"showFlares":true,"showImageEffects":true,"showParticleSystems":true},"in2DMode":false,"pivot":{"x":-2.9073102474212648,"y":1.4480807781219483,"z":0.038575172424316409},"rotation":{"x":-0.03335396945476532,"y":0.2544275224208832,"z":-0.008791377767920494,"w":-0.9664923548698425},"size":96.25223541259766,"orthographic":false}