{"cameraMode":{"drawMode":0,"name":"Shaded","section":"Shading Mode"},"sceneLighting":true,"audioPlay":false,"sceneViewState":{"showFog":true,"showMaterialUpdate":false,"showSkybox":true,"showFlares":true,"showImageEffects":true,"showParticleSystems":true},"in2DMode":false,"pivot":{"x":3.586793899536133,"y":-4.931404113769531,"z":-10.097938537597657},"rotation":{"x":-0.3761976957321167,"y":-0.5217714309692383,"z":0.2746216654777527,"w":-0.7147261500358582},"size":45.367340087890628,"orthographic":false}